Title,URL,Date
What Is Data Scraping And How Can You Use It? | Target ...,https://www.targetinternet.com/what-is-data-scraping-and-how-can-you-use-it/,13 wrz 2017 - Przesłany przez: Lucy Provost
Web Scraping Tutorial - How to Scrape Modern Websites for ...,https://www.youtube.com/watch?v=vsmxMLmroyQ,10 mar 2017 - Przesłany przez: Fullstack Academy
5 Best Web Scraping Tools in 2020! - YouTube,https://www.youtube.com/watch?v=QbkXCkcmHJI,8 kwi 2019 - Przesłany przez: Octoparse
What is Web Scraping and How Does Web Crawling Work?,https://scrapinghub.com/what-is-web-scraping,18 maj 2019 - Przesłany przez: Scrapinghub
What is DATA SCRAPING? What does DATA SCRAPING ...,https://www.youtube.com/watch?v=omTtMylcWOI,21 wrz 2017 - Przesłany przez: The Audiopedia
Wyzwanie Python #7: Web scraping | Kodołamacz.pl - Zostań ...,https://kodolamacz.pl/blog/wyzwanie-python-7-web-scraping/,17 sty 2019
Web Scraping With Python - A Beginner's Guide | Edureka,https://www.edureka.co/blog/web-scraping-with-python/,7 maj 2020 - Przesłany przez: edureka!
What is Web Scraping and What is it Used For? | ParseHub,https://www.parsehub.com/blog/what-is-web-scraping/,6 sie 2019 - Przesłany przez: ParseHub
Top 30 Free Web Scraping Software in 2020 | Octoparse,https://www.octoparse.com/blog/top-30-free-web-scraping-software,19 maj 2019 - Przesłany przez: Octoparse
Python - web scraping pl - YouTube,https://www.youtube.com/watch?v=bNoHb2iKQQ0,22 paź 2019 - Przesłany przez: Konrad Dylewski
Best Data Scraping Tools for 2020 (Top 10 Reviews) | Octoparse,https://www.octoparse.com/blog/best-data-scraping-tools-for-2019-top-10-reviews,3 cze 2019 - Przesłany przez: Octoparse
Web Scraping Software - UiPath,https://www.uipath.com/solutions/technology/web-scraping-software,31 sty 2015 - Przesłany przez: UiPath
Web Scraping Tutorial - How to Seed your Database with Web ...,https://www.youtube.com/watch?v=_opDs6UPDyo,9 mar 2017 - Przesłany przez: Fullstack Academy
Web Data Extraction Automation - UiPath,https://www.uipath.com/developers/video-tutorials/web-data-extraction-automation,6 paź 2014 - Przesłany przez: UiPath
Screen Scraping Software - RPA | UiPath,https://www.uipath.com/solutions/technology/screen-scraping,5 gru 2014 - Przesłany przez: UiPath
Intro to Web Scraping with Python and Beautiful Soup - YouTube,https://www.youtube.com/watch?v=XQgXKtPSzUI,7 sty 2017 - Przesłany przez: Data Science Dojo
What is data scraping? Web crawling vs web scraping Blog ...,https://oxylabs.io/blog/crawling-vs-scraping,3 dni temu - Przesłany przez: Oxylabs
Data Scraping for SEO & Analytics - Tutorial - Optimize Smart,https://www.optimizesmart.com/data-scraping-guide-for-seo/,7 paź 2011 - Przesłany przez: Garrett French CL
Web Scraper intro tutorial - YouTube,https://www.youtube.com/watch?v=n7fob_XVsbY,25 cze 2019 - Przesłany przez: Web Scraper
Data Scraping and Mining From Websites Free No Coding ...,https://www.youtube.com/watch?v=CKRjXZSgg-g,21 lut 2017 - Przesłany przez: Just2 Techno
10 Myths about Web Scraping [NEW] | Octoparse,https://www.octoparse.com/blog/10-myths-about-web-scraping,30 lip 2019 - Przesłany przez: Octoparse
ImportFromWeb | Easy Web Scraping - G Suite Marketplace,https://gsuite.google.com/marketplace/app/importfromweb_easy_web_scraping/278587576794,5 lut 2020 - Przesłany przez: NoDataNoBusiness
"Big Data: What Is Web Scraping, and Why Does It Matter ...",https://www.octoparse.com/blog/big-data-what-is-web-scraping-and-why-does-it-matter,24 lut 2020 - Przesłany przez: Octoparse
"Data Scraping from websites into Excel | Web Scraping, Lead ...",https://www.youtube.com/watch?v=YQbe20G0ZSM,6 sty 2018 - Przesłany przez: Video Editing & Video Marketing Services
Automated Web Scraping in R using rvest - YouTube,https://www.youtube.com/watch?v=NwtxrbqE2Gc,15 lut 2019 - Przesłany przez: Data Science Dojo
Automate Web Data Extraction and Data Scraping ...,https://www.helpsystems.com/product-lines/automate/data-scraping-extraction,6 wrz 2015
Web scraping: Reliably and efficiently pull data from pages ...,https://www.youtube.com/watch?v=52wxGESwQSA,9 mar 2012 - Przesłany przez: Next Day Video
Screen Scraping That Works For You - UiPath,https://www.uipath.com/blog/screen-scraping-that-works-for-you,5 lis 2014 - Przesłany przez: UiPath
Web scraping in Python (Part 1): Getting started - YouTube,https://www.youtube.com/watch?v=r_xb0vF1uMc,11 sie 2017 - Przesłany przez: Data School
Web Scraping With Python | Python Tutorial | Web ... - YouTube,https://www.youtube.com/watch?v=mKxFfjNyj3c,12 gru 2017 - Przesłany przez: edureka!
Screen Scraping Any Desktop Application - UiPath,https://www.uipath.com/developers/video-tutorials/screen-scraping-desktop-application,19 gru 2014 - Przesłany przez: UiPath
Web Scraping Examples: How are Businesses Using Web ...,https://www.parsehub.com/blog/web-scraping-examples/,28 paź 2019 - Przesłany przez: ParseHub
Examples of Businesses Who Use Data Scraping | Octoparse,https://www.octoparse.com/blog/examples-of-who-use-data-scraping,1 kwi 2016 - Przesłany przez: Octoparse
What is Web Scraping and Who is Using it? | Octoparse,https://www.octoparse.com/blog/what-is-web-scraping,27 sie 2018 - Przesłany przez: Octoparse
WEB SCRAPING made simple with JAVASCRIPT tutorial ...,https://www.youtube.com/watch?v=TzZ3YOUhCxo,9 sty 2020 - Przesłany przez: Code Drip
On the Ethics of Web Scraping and Data Journalism - Global ...,https://gijn.org/2015/08/12/on-the-ethics-of-web-scraping-and-data-journalism/,12 sie 2015
"Automate Data Extraction – Web Scraping, Screen Scraping ...",https://www.youtube.com/watch?v=NwhG7e67sHo,20 lip 2016 - Przesłany przez: HelpSystems
What is WEB SCRAPING? What does WEB SCRAPING mean ...,https://www.youtube.com/watch?v=7IUfRVYew-o,20 sty 2017 - Przesłany przez: The Audiopedia
Web Scraping Tool to Extract Data from Websites - Agenty,https://www.agenty.com/products/scraping-agent/,30 paź 2019 - Przesłany przez: Agenty
Tidy web scraping in R — Tutorial and resources - Towards ...,https://towardsdatascience.com/tidy-web-scraping-in-r-tutorial-and-resources-ac9f72b4fe47,16 sie 2019 - Przesłany przez: Yrrah0015
Beautiful Soup Tutorial - Web Scraping in Python - YouTube,https://www.youtube.com/watch?v=87Gx3U0BDlo,4 sty 2019 - Przesłany przez: freeCodeCamp.org
Automated Web Scraping in R Part 1| Writing your Script using ...,https://www.youtube.com/watch?v=smriIBG08ok,20 gru 2018 - Przesłany przez: Data Science Dojo
Web Scraping vs API: What's the Difference? | ParseHub,https://www.parsehub.com/blog/web-scraping-vs-api/,9 mar 2020 - Przesłany przez: ParseHub
Web Scraping Using Python | Python Web ... - YouTube,https://www.youtube.com/watch?v=cMFQSmEfbSE,20 gru 2018 - Przesłany przez: Intellipaat
Data Scraping In UiPath Rpa Example - YouTube,https://www.youtube.com/watch?v=WtyiwEVF2-w,30 maj 2019 - Przesłany przez: KB Tutorials
Web Scraping with Python Made Easy - Towards Data Science,https://towardsdatascience.com/web-scraping-with-python-made-easy-f069ffaf7754,28 sty 2020 - Przesłany przez: Coding Fun
QVC Can't Stop Web Scraping - Forbes,https://www.forbes.com/sites/ericgoldman/2015/03/24/qvc-cant-stop-web-scraping/,24 mar 2015
15 Most Frequently Asked Questions about Web Scraping (Q&A),https://www.octoparse.com/blog/15-most-frequently-asked-questions-of-web-scraping,1 lut 2019 - Przesłany przez: Octoparse
Is Web Scraping Legal? | ParseHub,https://www.parsehub.com/blog/web-scraping-legal/,7 paź 2019 - Przesłany przez: ParseHub
What can Web Scraping be Used For? | ParseHub,https://www.parsehub.com/blog/web-scraping-uses/,17 lut 2020 - Przesłany przez: ParseHub
Web Scraping Templates Take Away! | Octoparse,https://www.octoparse.com/blog/big-announcement-web-scraping-template-take-away,18 cze 2019 - Przesłany przez: Octoparse
Top 20 Web Crawling Tools to Scrape the Websites Quickly ...,https://www.octoparse.com/blog/top-20-web-crawling-tools-for-extracting-web-data,23 sie 2019 - Przesłany przez: Octoparse
Data Scraping Services | F6S,https://www.f6s.com/datascrapingservices,8 sty 2017
20 best web scraping tools for 2020 - ScrapingBee,https://www.scrapingbee.com/blog/web-scraping-tools/,19 lut 2020 - Przesłany przez: Web Scraper
9 Popular Cloud-based Web Scraping Solutions - Geekflare,https://geekflare.com/web-scraping-tools/,5 lut 2020 - Przesłany przez: Web Scraper
Web Scraping With Google Sheets - YouTube,https://www.youtube.com/watch?v=QwK88ZujIvM,16 paź 2017 - Przesłany przez: Ben R
Data Scraping 5X Faster With Job Sequencer & Request ...,https://www.mozenda.com/data-scraping-5x-faster/,9 paź 2017 - Przesłany przez: MozendaSupport
How to Generate Sales Leads Using Web Scraping | Octoparse,https://www.octoparse.com/blog/lead-generation-with-web-scraping,27 wrz 2019 - Przesłany przez: Octoparse
Citrix Automation. OCR Data Extraction - UiPath,https://www.uipath.com/developers/video-tutorials/citrix-automation-ocr-data-extraction,18 wrz 2014 - Przesłany przez: UiPath
Automated Data Scraping in Action | HelpSystems,https://www.helpsystems.com/blog/rpa-action-automated-data-scraping,20 sty 2020
EBF video: What is screen-scraping? - EBF,https://www.ebf.eu/retail-payments/what-is-screen-scraping/,16 maj 2017
Scraping Data from Website to Excel (Tutorial 2020) | Octoparse,https://www.octoparse.com/blog/scraping-data-from-website-to-excel,1 lut 2020 - Przesłany przez: Octoparse
Citrix Automation. Click Relative to a Scraped Text - UiPath,https://www.uipath.com/developers/video-tutorials/citrix-automation-click-scraped-text,30 wrz 2014 - Przesłany przez: UiPath
Is Web Scraping Easy? How to Scrape Data without Coding ...,https://www.parsehub.com/blog/web-scraping-easy/,10 lut 2020 - Przesłany przez: ParseHub
Screen Scraping - UiPath,https://www.uipath.com/de/solutions/technology/screen-scraping,9 gru 2017 - Przesłany przez: UiPath
web scraping using python for beginners - YouTube,https://www.youtube.com/watch?v=0_VZ7NpVw1Y,14 lut 2018 - Przesłany przez: Hitesh Choudhary
The Ultimate Web Scrapping Tutorial You'll Ever Need,https://www.digitalvidya.com/blog/web-scrapping-tutorial/,12 gru 2019 - Przesłany przez: edureka!
Web Scraping vs Data Mining: What's the Difference ...,https://www.parsehub.com/blog/web-scraping-vs-data-mining/,2 mar 2020 - Przesłany przez: ParseHub
About Scrapinghub - The World's Leading Web Scraping ...,https://scrapinghub.com/about,21 lis 2018
Data scraping from single pages | Octoparse,https://www.octoparse.com/tutorial/single-page-web-scraping-octoparse,23 cze 2016 - Przesłany przez: Octoparse
import.io & Web Scraping for the Average Joe or Jill - Digital ...,https://digital.hbs.edu/platform-digit/submission/import-io-web-scraping-for-the-average-joe-or-jill/,4 gru 2015
Creating a horse racing Tableau dashboard from data scraping,https://www.import.io/post/data-scraping-horse-racing/,13 kwi 2018 - Przesłany przez: Craig S Dewar
Automate Web Data Scraping | HelpSystems,https://www.helpsystems.com/blog/automate-data-web-scraping,3 kwi 2017
Web Scraping with no coding - DEV Community ‍ ‍ - Dev.to,https://dev.to/princepeterhansen/web-scraping-with-no-coding-27ma,18 lut 2020 - Przesłany przez: WebDev
Data scraping using Uipath - YouTube,https://www.youtube.com/watch?v=yDpsq5v4UTo,16 paź 2018 - Przesłany przez: IdeasBySupreet
How to Scrape a Website that Requires Login | ParseHub,https://www.parsehub.com/blog/web-scrape-login/,20 sty 2020 - Przesłany przez: ParseHub
Web Scraping for Lead Generation | Octoparse,https://www.octoparse.com/blog/web-scraping-for-lead-generation,29 sie 2017 - Przesłany przez: Octoparse
Data Analytics with Python by Web scraping: Illustration with ...,https://towardsdatascience.com/data-analytics-with-python-by-web-scraping-illustration-with-cia-world-factbook-abbdaa687a84,3 mar 2018 - Przesłany przez: sentdex
Data scraping: How to read all table content from multiple ...,https://intellipaat.com/community/42399/data-scraping-how-to-read-all-table-content-from-multiple-pages-using-next-page,24 sty 2020 - Przesłany przez: Intellipaat
Data scraping from details of Lists/tables in web pages ...,https://www.octoparse.com/tutorial/list-detail-page-introduction,9 mar 2016 - Przesłany przez: Octoparse
Web Scraping API for Data Extraction: A Beginner's Guide ...,https://www.octoparse.com/blog/web-scraping-api-for-data-extraction-a-beginners-guide,20 sty 2020 - Przesłany przez: Octoparse
Scraping the web for price comparison data (Mozenda ...,https://www.youtube.com/watch?v=goTxsjD1wTI,6 sty 2019 - Przesłany przez: RealToughCandy
Data Scraping Automation Webinar | HelpSystems,https://www.helpsystems.com/resources/on-demand-webinars/automate-data-scraping,24 lut 2017
A Guide to Web Scraping with Node.js - YouTube,https://www.youtube.com/watch?v=dXjKh66BR2U,24 lip 2019 - Przesłany przez: Fireship
Step-by-step Complete Guide to Web Scraping with Python,https://www.digitalvidya.com/blog/web-scraping-with-python/,6 maj 2019 - Przesłany przez: Corey Schafer
Build your blog fast with Web Scraping | Octoparse,https://www.octoparse.com/blog/build-your-blog-fast-with-web-scraping,10 sie 2017 - Przesłany przez: Octoparse
Data Scraping in Gavagai Explorer | Gavagai,https://www.gavagai.io/scraping/,23 sty 2020 - Przesłany przez: Gavagai
"Web scraping in 2018 — forget HTML, use XHRs, metadata or ...",https://blog.apify.com/web-scraping-in-2018-forget-html-use-xhrs-metadata-or-javascript-variables-8167f252439c,8 lut 2018 - Przesłany przez: Jakub Balada
Web scraping data from Ultimate Footy - The Keeper League,https://keeperleaguepod.com.au/web-scraping-data-from-ultimate-footy/,8 kwi 2020 - Przesłany przez: The Keeper League
Scraping public data from a website probably isn't hacking ...,https://www.theverge.com/2019/9/10/20859399/linkedin-hiq-data-scraping-cfaa-lawsuit-ninth-circuit-ruling,10 wrz 2019 - Przesłany przez: The Verge
The Basics of Web Scraping,https://thesiliconreview.com/2020/04/the-basics-of-web-scraping,10 kwi 2020 - Przesłany przez: The Silicon Review
Data Extraction - Web Scraping Tool & Free Web Crawlers ...,https://www.octoparse.com/DataExtraction,14 lis 2017 - Przesłany przez: Octoparse
Web Scraping With Google Sheets - Better Programming ...,https://medium.com/better-programming/web-scraping-with-google-sheets-20d0dce323cc,16 paź 2017 - Przesłany przez: Ben R
Web Scraping Ideas: 5 Easy Ways to Get Started Now ...,https://www.parsehub.com/blog/web-scraping-ideas/,4 lis 2019 - Przesłany przez: ParseHub
What is a present day web scraper? - Dataflow kit blog - Medium,https://medium.com/dataflow-kit/what-is-a-present-day-scraper-e2c3d3b79648,9 lis 2018 - Przesłany przez: Dmitry Narizhnykh
Web Scraping with Python | NTU Library - Blogs@NTU,https://blogs.ntu.edu.sg/ntulibrary/2019/01/24/web-scraping-with-python/,24 sty 2019 - Przesłany przez: Data Science Dojo
New Features Release: Scraping Web Data Up To 500 ...,https://www.mozenda.com/scraping-web-data-faster/,6 lis 2017 - Przesłany przez: MozendaSupport
Best Web Scraping Tool: Web Scraper - Blog | Oxylabs,https://oxylabs.io/blog/web-scraper,22 mar 2020 - Przesłany przez: Oxylabs
How To Scrape Websites Using Python - randerson112358 ...,https://medium.com/@randerson112358/scrape-website-using-python-90619cac7c97,2 gru 2017 - Przesłany przez: Computer Science
Extract Data from Website to Excel Automatically | Octoparse,https://www.octoparse.com/blog/extract-data-from-website-to-excel-automatically,19 mar 2020 - Przesłany przez: Octoparse
